{
  "n_events": 279065,
  "total_volume_usdt": 18143212990.29615,
  "mean_usdt": 65014.290542691306,
  "median_usdt": 247.491503,
  "std_usdt": 2726862.44366979,
  "min_usdt": 1e-06,
  "max_usdt": 704444190.246765,
  "gini": 0.9834171481715372,
  "quantiles": {
    "P01": 0.0001,
    "P05": 0.0006,
    "P10": 0.12378680000000053,
    "P25": 26.24,
    "P50": 247.491503,
    "P75": 2058.652934,
    "P90": 13571.1927486,
    "P95": 49999.4,
    "P99": 549475.520813439
  },
  "top_shares": {
    "Top_1pct_share": 0.851167178679501,
    "Top_5pct_share": 0.9632190082805407,
    "Top_10pct_share": 0.9833617508755018,
    "Top_25pct_share": 0.9962347606990564,
    "Top_50pct_share": 0.9995864394803319
  }
}